article;url;data
ATD0500001;https://imgwww-gfjd7jgfjane45s98.polska-m.pl/plm15102020/!ATD0500001/ATD0500001-RZ.jpg;выложил сейчас
ATD0500011;https://imgwww-gfjd7jgfjane45s98.polska-m.pl/plm15102020/!ATD0500011/ATD0500011-RZ.jpg;выложил сейчас
ATD0500106;https://imgwww-gfjd7jgfjane45s98.polska-m.pl/plm15102020/!ATD0500106/ATD0500106-RZ.jpg;выложил сейчас
ATD0500252;https://imgwww-gfjd7jgfjane45s98.polska-m.pl/plm15102020/!ATD0500252/ATD0500252-RZ.jpg;выложил сейчас
;;
;;
;;
;;
;;
;;
;;
;;
;;
;;
;;
;;